data,municipio,representante,produto,unidades,preco_unitario,receita_bruta
2023-06-28,Arcos,Representante 6,Produto B,30,80,2400
2023-01-14,Arcos,Representante 10,Produto A,7,100,700
2023-07-14,Formiga,Representante 12,Produto C,13,25,325
2023-11-02,Arcos,Representante 15,Produto A,77,90,6930
2023-04-28,Piumhi,Representante 9,Produto A,75,45,3375
2023-10-26,Pimenta,Representante 15,Produto A,77,50,3850
2023-08-17,Piumhi,Representante 4,Produto A,85,100,8500
2023-09-01,Formiga,Representante 9,Produto A,10,40,400
2023-01-14,Pimenta,Representante 5,Produto B,16,35,560
2023-06-02,Pimenta,Representante 14,Produto C,53,95,5035
2023-03-31,Pimenta,Representante 17,Produto A,1,45,45
2023-04-01,Formiga,Representante 2,Produto B,57,65,3705
2023-09-13,Piumhi,Representante 19,Produto B,7,55,385
2023-07-16,Pimenta,Representante 5,Produto A,35,35,1225
2023-04-01,Arcos,Representante 11,Produto A,94,35,3290
2023-12-14,Piumhi,Representante 1,Produto C,80,70,5600
2023-05-17,Formiga,Representante 7,Produto A,74,45,3330
2023-12-21,Pimenta,Representante 15,Produto A,81,90,7290
2023-11-24,Arcos,Representante 5,Produto C,65,45,2925
2023-01-26,Arcos,Representante 11,Produto A,100,65,6500
2023-01-07,Pimenta,Representante 16,Produto A,60,65,3900
2023-05-17,Pimenta,Representante 10,Produto C,60,85,5100
2023-09-11,Pimenta,Representante 2,Produto B,25,85,2125
2023-07-30,Formiga,Representante 6,Produto B,58,10,580
2023-03-19,Formiga,Representante 12,Produto B,54,75,4050
2023-03-22,Piumhi,Representante 19,Produto C,2,85,170
2023-02-12,Pimenta,Representante 12,Produto C,34,55,1870
2023-12-25,Pimenta,Representante 3,Produto A,37,80,2960
2023-11-28,Formiga,Representante 8,Produto C,69,40,2760
2023-05-23,Pimenta,Representante 13,Produto B,71,20,1420
2023-02-01,Piumhi,Representante 16,Produto C,34,25,850
2023-04-19,Piumhi,Representante 2,Produto A,62,80,4960
2023-09-20,Arcos,Representante 13,Produto A,36,70,2520
2023-11-26,Pimenta,Representante 13,Produto B,48,75,3600
2023-01-23,Piumhi,Representante 6,Produto B,60,100,6000
2023-11-05,Pimenta,Representante 19,Produto B,19,75,1425
2023-05-15,Formiga,Representante 11,Produto B,97,10,970
2023-11-05,Formiga,Representante 12,Produto B,93,35,3255
2023-08-12,Formiga,Representante 11,Produto B,20,90,1800
2023-06-15,Formiga,Representante 1,Produto A,86,20,1720
2023-08-05,Arcos,Representante 8,Produto C,15,20,300
2023-10-17,Arcos,Representante 1,Produto A,11,10,110
2023-03-10,Pimenta,Representante 8,Produto C,50,90,4500
2023-03-13,Pimenta,Representante 12,Produto C,49,95,4655
2023-03-17,Arcos,Representante 8,Produto C,67,50,3350
2023-03-04,Formiga,Representante 16,Produto B,24,75,1800
2023-05-21,Piumhi,Representante 10,Produto B,62,80,4960
2023-07-29,Piumhi,Representante 15,Produto A,68,85,5780
2023-12-19,Piumhi,Representante 10,Produto B,33,70,2310
2023-12-13,Formiga,Representante 8,Produto A,13,90,1170
2023-06-02,Pimenta,Representante 8,Produto C,49,50,2450
2023-10-21,Arcos,Representante 2,Produto C,53,50,2650
2023-10-04,Formiga,Representante 14,Produto A,95,45,4275
2023-02-10,Piumhi,Representante 18,Produto B,59,45,2655
2023-03-31,Formiga,Representante 11,Produto B,70,85,5950
2023-11-12,Arcos,Representante 2,Produto B,7,100,700
2023-08-11,Pimenta,Representante 19,Produto C,39,65,2535
2023-01-16,Formiga,Representante 16,Produto A,60,95,5700
2023-04-26,Piumhi,Representante 2,Produto C,63,95,5985
2023-04-04,Arcos,Representante 9,Produto A,60,95,5700
2023-09-19,Piumhi,Representante 5,Produto B,54,80,4320
2023-08-23,Piumhi,Representante 6,Produto C,21,65,1365
2023-03-27,Piumhi,Representante 18,Produto C,89,60,5340
2023-12-08,Formiga,Representante 17,Produto A,84,10,840
2023-02-08,Arcos,Representante 12,Produto A,47,45,2115
2023-06-08,Pimenta,Representante 15,Produto B,5,95,475
2023-08-28,Arcos,Representante 2,Produto B,95,20,1900
2023-07-28,Formiga,Representante 14,Produto A,48,90,4320
2023-11-02,Piumhi,Representante 2,Produto C,33,40,1320
2023-02-03,Pimenta,Representante 16,Produto B,10,80,800
2023-01-04,Pimenta,Representante 15,Produto C,15,70,1050
2023-01-13,Piumhi,Representante 10,Produto A,93,40,3720
2023-03-10,Piumhi,Representante 3,Produto B,51,50,2550
2023-08-31,Formiga,Representante 2,Produto C,21,95,1995
2023-11-04,Arcos,Representante 11,Produto B,4,60,240
2023-10-05,Formiga,Representante 8,Produto C,47,85,3995
2023-03-30,Formiga,Representante 16,Produto B,95,10,950
2023-01-25,Formiga,Representante 9,Produto B,18,60,1080
2023-10-18,Pimenta,Representante 15,Produto A,59,25,1475
2023-10-13,Piumhi,Representante 13,Produto C,9,65,585
2023-06-08,Pimenta,Representante 18,Produto B,96,40,3840
2023-05-01,Arcos,Representante 15,Produto A,53,65,3445
2023-04-20,Arcos,Representante 12,Produto A,97,35,3395
2023-06-07,Arcos,Representante 9,Produto B,33,25,825
2023-03-05,Piumhi,Representante 3,Produto B,91,10,910
2023-07-18,Piumhi,Representante 13,Produto A,8,35,280
2023-03-08,Piumhi,Representante 9,Produto B,85,10,850
2023-05-31,Pimenta,Representante 16,Produto A,35,30,1050
2023-12-01,Arcos,Representante 5,Produto C,28,10,280
2023-03-26,Piumhi,Representante 8,Produto A,82,70,5740
2023-06-14,Piumhi,Representante 18,Produto A,24,25,600
2023-05-16,Formiga,Representante 6,Produto B,96,40,3840
2023-02-20,Formiga,Representante 8,Produto A,54,75,4050
2023-03-15,Piumhi,Representante 11,Produto B,37,45,1665
2023-06-27,Formiga,Representante 11,Produto C,4,75,300
2023-12-28,Formiga,Representante 6,Produto C,96,55,5280
2023-08-24,Pimenta,Representante 4,Produto B,16,45,720
2023-04-08,Arcos,Representante 15,Produto B,30,25,750
2023-11-26,Piumhi,Representante 17,Produto A,4,100,400
2023-08-02,Arcos,Representante 8,Produto B,10,15,150
2023-05-07,Formiga,Representante 11,Produto A,25,50,1250
2023-07-31,Pimenta,Representante 18,Produto A,19,10,190
2023-06-23,Formiga,Representante 14,Produto C,53,90,4770
2023-09-30,Piumhi,Representante 12,Produto C,89,65,5785
2023-10-29,Pimenta,Representante 8,Produto C,24,85,2040
2023-11-06,Arcos,Representante 3,Produto C,57,100,5700
2023-08-20,Arcos,Representante 10,Produto A,19,50,950
2023-08-31,Arcos,Representante 19,Produto A,99,45,4455
2023-12-16,Pimenta,Representante 12,Produto A,40,85,3400
2023-12-01,Formiga,Representante 14,Produto C,50,85,4250
2023-10-07,Formiga,Representante 13,Produto C,14,85,1190
2023-04-23,Formiga,Representante 6,Produto C,50,60,3000
2023-04-17,Arcos,Representante 7,Produto B,42,30,1260
2023-05-31,Piumhi,Representante 4,Produto C,12,25,300
2023-06-03,Piumhi,Representante 10,Produto B,83,55,4565
2023-04-12,Formiga,Representante 16,Produto C,76,80,6080
2023-09-12,Piumhi,Representante 16,Produto B,47,20,940
2023-06-09,Arcos,Representante 3,Produto B,44,35,1540
2023-06-04,Arcos,Representante 19,Produto B,6,60,360
2023-01-05,Arcos,Representante 19,Produto A,2,55,110
2023-11-22,Piumhi,Representante 7,Produto B,83,35,2905
2023-09-29,Pimenta,Representante 6,Produto B,76,65,4940
2023-10-07,Formiga,Representante 15,Produto C,50,100,5000
2023-10-15,Arcos,Representante 2,Produto A,18,75,1350
2023-10-04,Piumhi,Representante 14,Produto A,54,75,4050
2023-02-24,Piumhi,Representante 4,Produto C,29,75,2175
2023-11-27,Piumhi,Representante 10,Produto C,88,100,8800
2023-08-26,Pimenta,Representante 5,Produto A,85,80,6800
2023-09-09,Formiga,Representante 12,Produto C,83,85,7055
2023-12-05,Pimenta,Representante 4,Produto A,99,50,4950
2023-02-08,Formiga,Representante 3,Produto B,81,60,4860
2023-11-06,Pimenta,Representante 7,Produto B,91,30,2730
2023-05-17,Arcos,Representante 11,Produto A,11,40,440
2023-08-14,Piumhi,Representante 15,Produto B,32,95,3040
2023-02-17,Formiga,Representante 2,Produto A,79,20,1580
2023-03-18,Arcos,Representante 9,Produto B,79,15,1185
2023-03-24,Arcos,Representante 13,Produto B,87,40,3480
2023-07-03,Formiga,Representante 11,Produto B,72,45,3240
2023-02-08,Arcos,Representante 8,Produto B,26,60,1560
2023-07-15,Piumhi,Representante 8,Produto B,57,55,3135
2023-09-14,Formiga,Representante 6,Produto A,54,55,2970
2023-06-17,Arcos,Representante 5,Produto B,18,25,450
2023-10-13,Pimenta,Representante 9,Produto B,38,40,1520
2023-04-04,Arcos,Representante 9,Produto B,20,10,200
2023-09-29,Pimenta,Representante 5,Produto A,86,80,6880
2023-12-10,Pimenta,Representante 16,Produto B,46,70,3220
2023-11-06,Arcos,Representante 10,Produto C,78,30,2340
2023-01-20,Arcos,Representante 1,Produto B,96,80,7680
2023-12-26,Arcos,Representante 10,Produto A,6,10,60
2023-07-14,Formiga,Representante 2,Produto B,67,30,2010
2023-12-15,Pimenta,Representante 3,Produto C,2,20,40
2023-06-13,Formiga,Representante 13,Produto A,8,70,560
2023-02-21,Pimenta,Representante 7,Produto B,31,100,3100
2023-12-30,Arcos,Representante 13,Produto A,52,85,4420
2023-01-22,Arcos,Representante 15,Produto B,25,60,1500
2023-06-26,Piumhi,Representante 6,Produto B,93,90,8370
2023-02-11,Arcos,Representante 15,Produto A,28,75,2100
2023-11-11,Arcos,Representante 2,Produto A,50,30,1500
2023-03-25,Pimenta,Representante 17,Produto B,93,90,8370
2023-01-11,Arcos,Representante 3,Produto C,1,20,20
2023-05-01,Pimenta,Representante 18,Produto B,31,85,2635
2023-10-29,Pimenta,Representante 10,Produto A,89,50,4450
2023-03-26,Piumhi,Representante 12,Produto B,62,65,4030
2023-12-31,Pimenta,Representante 8,Produto A,6,50,300
2023-07-13,Formiga,Representante 8,Produto B,56,20,1120
2023-04-17,Formiga,Representante 9,Produto A,20,65,1300
2023-03-18,Arcos,Representante 4,Produto A,92,50,4600
2023-07-17,Arcos,Representante 20,Produto C,50,90,4500
2023-09-06,Formiga,Representante 15,Produto B,74,35,2590
2023-07-19,Formiga,Representante 17,Produto A,53,50,2650
2023-06-09,Pimenta,Representante 2,Produto C,5,10,50
2023-09-07,Pimenta,Representante 7,Produto A,77,60,4620
2023-10-19,Formiga,Representante 13,Produto A,9,20,180
2023-01-16,Arcos,Representante 8,Produto C,46,40,1840
2023-02-02,Formiga,Representante 17,Produto B,93,35,3255
2023-02-09,Formiga,Representante 12,Produto C,96,80,7680
2023-01-10,Arcos,Representante 13,Produto C,98,30,2940
2023-07-19,Piumhi,Representante 16,Produto B,76,95,7220
2023-05-05,Arcos,Representante 10,Produto B,59,65,3835
2023-09-22,Piumhi,Representante 5,Produto C,94,85,7990
2023-09-20,Arcos,Representante 15,Produto C,74,95,7030
2023-07-05,Formiga,Representante 6,Produto A,10,40,400
2023-03-02,Arcos,Representante 17,Produto A,74,55,4070
2023-09-09,Arcos,Representante 5,Produto C,62,35,2170
2023-06-01,Formiga,Representante 11,Produto B,89,70,6230
2023-11-15,Piumhi,Representante 16,Produto B,74,85,6290
2023-02-23,Pimenta,Representante 12,Produto B,90,35,3150
2023-01-26,Arcos,Representante 11,Produto C,71,50,3550
2023-08-23,Formiga,Representante 8,Produto B,17,50,850
2023-10-16,Arcos,Representante 1,Produto A,95,35,3325
2023-07-04,Pimenta,Representante 3,Produto C,61,40,2440
2023-09-10,Piumhi,Representante 14,Produto B,49,85,4165
2023-04-25,Formiga,Representante 10,Produto B,32,45,1440
2023-01-10,Arcos,Representante 20,Produto B,87,80,6960
2023-11-05,Piumhi,Representante 15,Produto B,38,15,570
2023-02-23,Pimenta,Representante 7,Produto C,35,95,3325
2023-07-24,Arcos,Representante 16,Produto B,4,60,240
2023-12-29,Arcos,Representante 12,Produto A,39,60,2340
2023-09-24,Pimenta,Representante 20,Produto B,4,55,220
2023-01-25,Formiga,Representante 9,Produto B,100,30,3000
2023-02-21,Arcos,Representante 3,Produto A,23,55,1265
2023-10-09,Formiga,Representante 19,Produto B,45,90,4050
2023-08-03,Pimenta,Representante 13,Produto B,97,30,2910
2023-12-12,Piumhi,Representante 8,Produto A,71,10,710
2023-06-09,Piumhi,Representante 17,Produto C,82,100,8200
2023-02-26,Formiga,Representante 4,Produto A,40,25,1000
2023-04-15,Piumhi,Representante 10,Produto C,59,95,5605
2023-12-23,Piumhi,Representante 17,Produto B,46,90,4140
2023-10-06,Piumhi,Representante 10,Produto A,37,45,1665
2023-09-27,Pimenta,Representante 5,Produto A,1,25,25
2023-05-14,Formiga,Representante 11,Produto C,99,55,5445
2023-12-13,Formiga,Representante 9,Produto A,71,85,6035
2023-05-09,Piumhi,Representante 12,Produto B,1,45,45
2023-08-06,Arcos,Representante 5,Produto A,93,75,6975
2023-04-16,Pimenta,Representante 4,Produto B,94,85,7990
2023-07-05,Piumhi,Representante 2,Produto A,71,30,2130
2023-12-03,Piumhi,Representante 1,Produto A,48,85,4080
2023-10-12,Piumhi,Representante 19,Produto C,77,60,4620
2023-01-26,Pimenta,Representante 16,Produto B,2,80,160
2023-01-27,Pimenta,Representante 11,Produto C,86,60,5160
2023-01-07,Pimenta,Representante 7,Produto A,77,75,5775
2023-09-02,Pimenta,Representante 5,Produto B,58,50,2900
2023-06-03,Piumhi,Representante 2,Produto A,80,25,2000
2023-02-10,Arcos,Representante 9,Produto B,39,20,780
2023-07-31,Pimenta,Representante 15,Produto B,93,10,930
2023-08-10,Pimenta,Representante 6,Produto B,65,35,2275
2023-06-08,Arcos,Representante 6,Produto B,14,65,910
2023-12-15,Pimenta,Representante 4,Produto A,55,30,1650
2023-05-25,Piumhi,Representante 15,Produto B,60,90,5400
2023-02-26,Arcos,Representante 6,Produto B,97,75,7275
2023-05-28,Pimenta,Representante 3,Produto B,98,20,1960
2023-06-12,Piumhi,Representante 10,Produto C,77,80,6160
2023-08-26,Pimenta,Representante 5,Produto A,45,80,3600
2023-06-10,Arcos,Representante 6,Produto B,67,25,1675
2023-03-07,Piumhi,Representante 1,Produto A,27,35,945
2023-01-04,Arcos,Representante 3,Produto B,24,25,600
2023-11-26,Pimenta,Representante 8,Produto C,17,60,1020
2023-08-13,Piumhi,Representante 2,Produto B,19,80,1520
2023-04-27,Formiga,Representante 14,Produto B,25,10,250
2023-01-25,Piumhi,Representante 19,Produto A,20,10,200
2023-05-16,Formiga,Representante 1,Produto A,52,65,3380
2023-02-24,Formiga,Representante 3,Produto B,35,15,525
2023-08-05,Piumhi,Representante 5,Produto A,78,15,1170
2023-03-26,Pimenta,Representante 13,Produto B,11,100,1100
2023-02-14,Pimenta,Representante 9,Produto A,4,75,300
2023-05-26,Pimenta,Representante 17,Produto B,60,80,4800
2023-06-19,Piumhi,Representante 15,Produto B,85,65,5525
2023-05-14,Formiga,Representante 14,Produto B,82,10,820
2023-07-18,Formiga,Representante 17,Produto B,58,80,4640
2023-12-27,Pimenta,Representante 17,Produto C,46,90,4140
2023-06-25,Piumhi,Representante 8,Produto C,22,90,1980
2023-09-02,Pimenta,Representante 5,Produto C,36,100,3600
2023-11-05,Piumhi,Representante 12,Produto C,67,65,4355
2023-04-14,Pimenta,Representante 20,Produto C,94,15,1410
2023-11-05,Formiga,Representante 20,Produto B,87,40,3480
2023-11-15,Formiga,Representante 5,Produto C,98,80,7840
2023-07-18,Formiga,Representante 18,Produto A,64,20,1280
2023-07-29,Formiga,Representante 8,Produto B,81,80,6480
2023-12-15,Formiga,Representante 19,Produto A,11,70,770
2023-08-13,Pimenta,Representante 3,Produto B,71,30,2130
2023-09-15,Piumhi,Representante 5,Produto A,28,45,1260
2023-06-26,Arcos,Representante 8,Produto C,53,80,4240
2023-05-21,Pimenta,Representante 12,Produto C,34,75,2550
2023-01-24,Piumhi,Representante 5,Produto B,53,15,795
2023-05-10,Pimenta,Representante 15,Produto B,70,25,1750
2023-06-14,Pimenta,Representante 10,Produto C,54,15,810
2023-07-10,Pimenta,Representante 20,Produto B,76,10,760
2023-03-17,Formiga,Representante 9,Produto A,13,40,520
2023-09-26,Arcos,Representante 9,Produto C,12,70,840
2023-06-19,Arcos,Representante 17,Produto A,13,80,1040
2023-07-17,Piumhi,Representante 9,Produto B,65,15,975
2023-12-28,Pimenta,Representante 10,Produto A,40,80,3200
2023-08-22,Pimenta,Representante 5,Produto C,40,70,2800
2023-03-05,Arcos,Representante 11,Produto A,100,55,5500
2023-03-21,Formiga,Representante 16,Produto A,89,20,1780
2023-02-05,Formiga,Representante 14,Produto A,96,35,3360
2023-10-18,Formiga,Representante 14,Produto C,73,15,1095
2023-09-10,Pimenta,Representante 13,Produto C,68,30,2040
2023-12-09,Piumhi,Representante 15,Produto B,97,75,7275
2023-11-19,Formiga,Representante 14,Produto A,47,95,4465
2023-02-17,Arcos,Representante 7,Produto A,48,30,1440
2023-04-21,Piumhi,Representante 10,Produto A,51,30,1530
2023-10-06,Arcos,Representante 9,Produto B,45,90,4050
2023-11-13,Piumhi,Representante 13,Produto A,22,50,1100
2023-10-22,Arcos,Representante 14,Produto B,69,80,5520
2023-08-10,Formiga,Representante 16,Produto C,63,95,5985
2023-10-14,Arcos,Representante 5,Produto C,62,75,4650
2023-08-10,Pimenta,Representante 13,Produto C,11,15,165
2023-03-14,Pimenta,Representante 14,Produto B,89,25,2225
2023-10-19,Piumhi,Representante 8,Produto C,27,45,1215
2023-08-14,Formiga,Representante 7,Produto A,80,20,1600
2023-10-05,Piumhi,Representante 3,Produto C,44,25,1100
2023-06-21,Pimenta,Representante 13,Produto B,90,90,8100
2023-10-24,Pimenta,Representante 14,Produto C,47,15,705
2023-12-14,Pimenta,Representante 13,Produto B,76,55,4180
2023-04-03,Formiga,Representante 13,Produto B,51,95,4845
2023-05-05,Arcos,Representante 14,Produto A,35,30,1050
2023-10-26,Arcos,Representante 18,Produto A,87,30,2610
2023-02-08,Arcos,Representante 20,Produto B,56,90,5040
2023-08-25,Piumhi,Representante 20,Produto A,100,10,1000
2023-06-14,Piumhi,Representante 11,Produto C,61,75,4575
2023-04-17,Arcos,Representante 8,Produto B,39,65,2535
2023-02-02,Formiga,Representante 15,Produto A,63,75,4725
2023-03-24,Arcos,Representante 8,Produto C,69,100,6900
2023-12-20,Formiga,Representante 15,Produto A,17,80,1360
2023-10-04,Arcos,Representante 1,Produto A,97,100,9700
2023-07-28,Piumhi,Representante 18,Produto C,36,80,2880
2023-03-17,Formiga,Representante 9,Produto B,81,95,7695
2023-04-04,Arcos,Representante 12,Produto B,18,45,810
2023-10-18,Formiga,Representante 17,Produto C,20,95,1900
2023-01-30,Pimenta,Representante 13,Produto B,73,95,6935
2023-08-05,Arcos,Representante 16,Produto B,63,45,2835
2023-06-24,Piumhi,Representante 1,Produto A,2,90,180
2023-11-19,Formiga,Representante 6,Produto B,90,80,7200
2023-04-25,Formiga,Representante 17,Produto C,3,90,270
2023-12-04,Piumhi,Representante 6,Produto B,69,60,4140
2023-04-06,Formiga,Representante 4,Produto C,22,30,660
2023-12-24,Arcos,Representante 10,Produto A,60,15,900
2023-06-19,Piumhi,Representante 15,Produto B,59,10,590
2023-04-06,Formiga,Representante 2,Produto B,32,25,800
2023-01-26,Piumhi,Representante 7,Produto A,90,75,6750
2023-08-18,Formiga,Representante 18,Produto B,1,90,90
2023-05-28,Pimenta,Representante 9,Produto A,70,85,5950
2023-12-16,Piumhi,Representante 1,Produto B,9,15,135
2023-07-21,Arcos,Representante 11,Produto C,21,45,945
2023-03-22,Piumhi,Representante 8,Produto B,86,30,2580
2023-12-04,Pimenta,Representante 18,Produto C,82,85,6970
2023-08-20,Piumhi,Representante 14,Produto B,25,70,1750
2023-08-31,Pimenta,Representante 8,Produto B,11,100,1100
2023-04-16,Pimenta,Representante 8,Produto B,84,80,6720
2023-01-11,Arcos,Representante 7,Produto C,60,40,2400
2023-04-23,Formiga,Representante 20,Produto B,91,40,3640
2023-12-30,Pimenta,Representante 18,Produto C,9,100,900
2023-05-21,Arcos,Representante 8,Produto A,37,70,2590
2023-01-31,Formiga,Representante 9,Produto A,10,70,700
2023-04-25,Pimenta,Representante 6,Produto B,52,75,3900
2023-10-05,Arcos,Representante 11,Produto C,36,85,3060
2023-04-04,Pimenta,Representante 16,Produto C,82,20,1640
2023-07-21,Pimenta,Representante 10,Produto C,99,100,9900
2023-01-16,Piumhi,Representante 5,Produto B,84,85,7140
2023-07-16,Pimenta,Representante 20,Produto B,75,100,7500
2023-06-27,Pimenta,Representante 9,Produto B,27,15,405
2023-06-26,Piumhi,Representante 3,Produto A,99,15,1485
2023-01-12,Piumhi,Representante 2,Produto B,81,10,810
2023-03-07,Arcos,Representante 3,Produto B,34,15,510
2023-02-19,Piumhi,Representante 1,Produto A,19,40,760
2023-07-23,Pimenta,Representante 8,Produto B,87,15,1305
2023-06-24,Piumhi,Representante 3,Produto A,35,45,1575
2023-05-14,Pimenta,Representante 6,Produto B,51,35,1785
2023-05-02,Pimenta,Representante 8,Produto C,29,55,1595
2023-11-11,Arcos,Representante 15,Produto C,92,20,1840
2023-09-16,Formiga,Representante 17,Produto B,55,55,3025
2023-12-19,Formiga,Representante 20,Produto C,42,90,3780
2023-09-05,Piumhi,Representante 19,Produto A,52,50,2600
2023-10-16,Piumhi,Representante 18,Produto B,56,80,4480
2023-02-17,Arcos,Representante 3,Produto C,77,90,6930
2023-11-27,Arcos,Representante 16,Produto B,82,95,7790
2023-04-10,Pimenta,Representante 11,Produto A,20,85,1700
2023-04-18,Formiga,Representante 5,Produto A,47,10,470
2023-10-28,Formiga,Representante 12,Produto B,26,20,520
2023-01-10,Formiga,Representante 3,Produto B,98,85,8330
2023-06-19,Piumhi,Representante 6,Produto B,99,55,5445
2023-10-07,Formiga,Representante 4,Produto C,38,25,950
2023-12-14,Formiga,Representante 10,Produto B,6,45,270
2023-07-28,Pimenta,Representante 20,Produto A,91,90,8190
2023-11-11,Piumhi,Representante 9,Produto B,73,85,6205
2023-05-17,Arcos,Representante 15,Produto A,14,25,350
2023-11-05,Pimenta,Representante 10,Produto A,18,60,1080
2023-04-18,Arcos,Representante 18,Produto C,3,55,165
2023-01-08,Formiga,Representante 11,Produto A,85,25,2125
2023-04-24,Formiga,Representante 18,Produto A,68,65,4420
2023-09-18,Piumhi,Representante 2,Produto A,95,25,2375
2023-01-29,Arcos,Representante 5,Produto B,17,55,935
2023-11-02,Formiga,Representante 5,Produto C,64,95,6080
2023-11-22,Formiga,Representante 20,Produto A,16,80,1280
2023-03-15,Pimenta,Representante 19,Produto B,44,65,2860
2023-10-09,Arcos,Representante 15,Produto B,22,15,330
2023-03-14,Piumhi,Representante 2,Produto B,31,100,3100
2023-09-24,Formiga,Representante 10,Produto B,83,90,7470
2023-09-19,Arcos,Representante 20,Produto A,43,70,3010
2023-08-12,Piumhi,Representante 6,Produto A,43,75,3225
2023-07-23,Arcos,Representante 5,Produto A,81,50,4050
2023-07-30,Arcos,Representante 18,Produto C,95,45,4275
2023-08-07,Formiga,Representante 9,Produto C,35,70,2450
2023-07-03,Arcos,Representante 11,Produto C,25,60,1500
2023-12-18,Formiga,Representante 1,Produto A,78,30,2340
2023-06-04,Piumhi,Representante 7,Produto B,15,100,1500
2023-04-29,Pimenta,Representante 14,Produto A,23,75,1725
2023-12-10,Piumhi,Representante 8,Produto A,34,25,850
2023-03-08,Pimenta,Representante 3,Produto B,74,70,5180
2023-04-20,Formiga,Representante 17,Produto A,74,20,1480
2023-05-14,Arcos,Representante 13,Produto C,56,75,4200
2023-02-05,Pimenta,Representante 16,Produto B,82,25,2050
2023-02-24,Arcos,Representante 1,Produto C,43,30,1290
2023-08-28,Pimenta,Representante 5,Produto C,5,90,450
2023-04-30,Piumhi,Representante 17,Produto C,37,15,555
2023-12-16,Formiga,Representante 8,Produto A,73,90,6570
2023-10-31,Piumhi,Representante 19,Produto C,29,55,1595
2023-01-10,Piumhi,Representante 4,Produto A,3,25,75
2023-06-02,Pimenta,Representante 12,Produto A,43,75,3225
2023-04-10,Piumhi,Representante 11,Produto A,26,90,2340
2023-04-15,Arcos,Representante 11,Produto C,92,30,2760
2023-10-08,Pimenta,Representante 10,Produto C,78,75,5850
2023-06-29,Pimenta,Representante 19,Produto A,12,20,240
2023-10-05,Pimenta,Representante 7,Produto A,14,55,770
2023-08-29,Formiga,Representante 17,Produto A,21,30,630
2023-01-24,Formiga,Representante 14,Produto B,74,10,740
2023-06-16,Arcos,Representante 11,Produto A,21,95,1995
2023-02-16,Piumhi,Representante 2,Produto B,69,80,5520
2023-07-10,Pimenta,Representante 13,Produto A,88,95,8360
2023-02-06,Formiga,Representante 20,Produto B,82,55,4510
2023-06-23,Formiga,Representante 4,Produto A,74,85,6290
2023-02-23,Arcos,Representante 3,Produto A,8,80,640
2023-10-30,Formiga,Representante 10,Produto A,32,90,2880
2023-07-26,Formiga,Representante 20,Produto A,73,40,2920
2023-01-19,Piumhi,Representante 1,Produto C,69,85,5865
2023-07-19,Arcos,Representante 20,Produto A,61,95,5795
2023-06-08,Piumhi,Representante 19,Produto B,40,75,3000
2023-02-06,Formiga,Representante 7,Produto B,90,60,5400
2023-04-13,Pimenta,Representante 7,Produto B,65,65,4225
2023-09-01,Formiga,Representante 7,Produto B,50,70,3500
2023-02-17,Arcos,Representante 5,Produto A,44,80,3520
2023-07-07,Pimenta,Representante 10,Produto C,42,70,2940
2023-05-19,Arcos,Representante 16,Produto A,16,10,160
2023-10-26,Formiga,Representante 15,Produto A,96,65,6240
2023-06-07,Pimenta,Representante 14,Produto A,63,10,630
2023-07-08,Piumhi,Representante 1,Produto C,65,80,5200
2023-11-07,Arcos,Representante 5,Produto B,77,60,4620
2023-07-08,Arcos,Representante 12,Produto A,19,30,570
2023-02-26,Formiga,Representante 20,Produto B,83,20,1660
2023-02-07,Arcos,Representante 7,Produto C,51,15,765
2023-03-25,Piumhi,Representante 1,Produto B,28,65,1820
2023-11-15,Piumhi,Representante 9,Produto A,90,35,3150
2023-06-23,Piumhi,Representante 15,Produto C,86,40,3440
2023-11-30,Pimenta,Representante 9,Produto B,98,25,2450
2023-11-22,Piumhi,Representante 20,Produto C,45,55,2475
2023-05-10,Piumhi,Representante 12,Produto B,12,60,720
2023-04-30,Formiga,Representante 10,Produto C,45,50,2250
2023-07-19,Piumhi,Representante 3,Produto C,26,45,1170
2023-11-27,Arcos,Representante 9,Produto A,40,75,3000
2023-01-21,Arcos,Representante 11,Produto C,45,75,3375
2023-07-18,Piumhi,Representante 7,Produto A,89,40,3560
2023-03-28,Pimenta,Representante 17,Produto C,29,35,1015
2023-03-13,Formiga,Representante 4,Produto C,82,100,8200
2023-11-11,Pimenta,Representante 9,Produto B,15,80,1200
2023-07-21,Piumhi,Representante 15,Produto C,3,50,150
2023-06-14,Formiga,Representante 1,Produto A,72,100,7200
2023-03-22,Formiga,Representante 11,Produto C,57,80,4560
2023-02-24,Piumhi,Representante 1,Produto B,4,30,120
2023-05-14,Arcos,Representante 5,Produto A,54,35,1890
2023-09-01,Pimenta,Representante 17,Produto C,7,50,350
2023-01-06,Pimenta,Representante 8,Produto C,59,80,4720
2023-05-08,Formiga,Representante 17,Produto A,42,25,1050
2023-06-05,Arcos,Representante 4,Produto A,96,50,4800
2023-10-15,Piumhi,Representante 19,Produto C,67,45,3015
2023-02-18,Arcos,Representante 16,Produto A,11,40,440
2023-08-15,Pimenta,Representante 12,Produto A,73,95,6935
2023-08-27,Piumhi,Representante 3,Produto B,3,55,165
2023-12-06,Piumhi,Representante 7,Produto C,50,65,3250
2023-07-12,Piumhi,Representante 10,Produto A,70,60,4200
2023-07-16,Arcos,Representante 3,Produto A,81,35,2835
2023-10-30,Piumhi,Representante 20,Produto C,47,60,2820
2023-05-28,Piumhi,Representante 19,Produto B,66,50,3300
2023-07-09,Arcos,Representante 4,Produto B,75,100,7500
2023-04-22,Formiga,Representante 8,Produto B,49,100,4900
2023-07-10,Formiga,Representante 20,Produto B,99,15,1485
2023-04-29,Formiga,Representante 17,Produto A,39,20,780
2023-04-25,Formiga,Representante 15,Produto B,47,80,3760
2023-01-10,Formiga,Representante 9,Produto C,98,70,6860
2023-04-25,Piumhi,Representante 13,Produto B,34,10,340
2023-02-28,Formiga,Representante 11,Produto C,98,90,8820
2023-11-01,Pimenta,Representante 14,Produto A,59,55,3245
2023-03-02,Formiga,Representante 5,Produto B,28,75,2100
2023-04-18,Pimenta,Representante 11,Produto A,56,60,3360
2023-10-19,Formiga,Representante 5,Produto C,9,20,180
2023-01-23,Formiga,Representante 1,Produto C,57,80,4560
2023-04-25,Formiga,Representante 2,Produto C,70,20,1400
2023-03-29,Pimenta,Representante 4,Produto C,4,80,320
2023-05-12,Arcos,Representante 6,Produto B,79,90,7110
2023-07-05,Formiga,Representante 5,Produto C,51,90,4590
2023-09-08,Pimenta,Representante 19,Produto A,95,20,1900
2023-07-22,Pimenta,Representante 12,Produto A,10,60,600
2023-09-03,Formiga,Representante 1,Produto C,83,60,4980
2023-09-03,Formiga,Representante 10,Produto C,72,40,2880
2023-06-27,Pimenta,Representante 4,Produto A,47,75,3525
2023-09-08,Pimenta,Representante 10,Produto A,3,55,165
2023-02-17,Arcos,Representante 15,Produto C,7,95,665
2023-05-11,Arcos,Representante 4,Produto B,41,95,3895
2023-02-02,Formiga,Representante 8,Produto A,67,100,6700
2023-06-11,Formiga,Representante 14,Produto B,4,45,180
2023-11-18,Piumhi,Representante 8,Produto C,51,65,3315
2023-03-05,Pimenta,Representante 10,Produto C,13,40,520
2023-06-17,Formiga,Representante 6,Produto A,39,40,1560
2023-10-03,Arcos,Representante 4,Produto A,12,70,840
2023-03-19,Formiga,Representante 11,Produto C,7,50,350
2023-06-02,Piumhi,Representante 16,Produto B,13,50,650
2023-07-18,Formiga,Representante 7,Produto B,7,85,595
2023-04-05,Arcos,Representante 8,Produto A,48,95,4560
2023-12-08,Pimenta,Representante 5,Produto C,70,65,4550
2023-08-09,Pimenta,Representante 14,Produto A,72,60,4320
2023-07-03,Arcos,Representante 14,Produto C,53,10,530
2023-06-10,Piumhi,Representante 20,Produto C,60,20,1200
2023-04-18,Formiga,Representante 7,Produto B,30,75,2250
2023-08-30,Arcos,Representante 9,Produto A,96,95,9120
2023-06-30,Formiga,Representante 20,Produto C,100,40,4000
2023-10-29,Arcos,Representante 12,Produto B,4,60,240
2023-01-24,Arcos,Representante 11,Produto A,41,100,4100
2023-11-12,Formiga,Representante 17,Produto A,50,35,1750
2023-08-17,Arcos,Representante 2,Produto C,78,85,6630
2023-08-12,Formiga,Representante 8,Produto B,98,70,6860
2023-09-30,Pimenta,Representante 5,Produto C,47,85,3995
2023-07-06,Arcos,Representante 20,Produto C,7,75,525
2023-06-20,Pimenta,Representante 6,Produto B,76,80,6080
2023-01-23,Formiga,Representante 3,Produto B,67,40,2680
2023-08-06,Piumhi,Representante 20,Produto A,28,10,280
2023-10-28,Formiga,Representante 14,Produto A,33,85,2805
2023-05-16,Pimenta,Representante 9,Produto C,91,40,3640
2023-03-20,Arcos,Representante 20,Produto B,31,15,465
2023-06-13,Arcos,Representante 4,Produto C,44,15,660
2023-08-25,Arcos,Representante 7,Produto B,100,30,3000
2023-03-08,Pimenta,Representante 19,Produto A,41,85,3485
2023-10-22,Formiga,Representante 8,Produto A,65,55,3575
2023-08-06,Pimenta,Representante 6,Produto B,50,65,3250
2023-10-11,Formiga,Representante 2,Produto C,49,95,4655
2023-07-28,Arcos,Representante 18,Produto B,73,50,3650
2023-03-28,Arcos,Representante 7,Produto A,59,35,2065
2023-06-30,Arcos,Representante 3,Produto C,35,65,2275
2023-12-24,Piumhi,Representante 3,Produto A,39,10,390
2023-05-18,Piumhi,Representante 13,Produto A,88,85,7480
2023-12-31,Arcos,Representante 8,Produto C,44,45,1980
2023-12-24,Formiga,Representante 9,Produto C,100,95,9500
2023-02-10,Piumhi,Representante 12,Produto C,80,80,6400
2023-05-09,Arcos,Representante 19,Produto B,13,80,1040
2023-12-02,Arcos,Representante 2,Produto A,38,50,1900
2023-08-20,Pimenta,Representante 12,Produto B,17,25,425
2023-11-30,Piumhi,Representante 7,Produto A,61,80,4880
2023-08-06,Pimenta,Representante 18,Produto C,22,40,880
2023-11-24,Arcos,Representante 10,Produto B,35,75,2625
2023-05-07,Pimenta,Representante 19,Produto C,51,45,2295
2023-02-10,Arcos,Representante 18,Produto A,47,55,2585
2023-09-21,Pimenta,Representante 16,Produto B,57,50,2850
2023-07-04,Formiga,Representante 15,Produto C,53,40,2120
2023-07-20,Formiga,Representante 15,Produto A,68,25,1700
2023-02-21,Pimenta,Representante 3,Produto C,64,55,3520
2023-08-13,Piumhi,Representante 6,Produto C,3,10,30
2023-03-08,Formiga,Representante 16,Produto A,37,10,370
2023-06-17,Piumhi,Representante 12,Produto B,35,65,2275
2023-09-15,Arcos,Representante 15,Produto B,67,75,5025
2023-03-06,Arcos,Representante 20,Produto C,12,15,180
2023-01-29,Piumhi,Representante 1,Produto C,81,65,5265
2023-01-20,Pimenta,Representante 12,Produto C,32,40,1280
2023-07-25,Pimenta,Representante 20,Produto B,36,10,360
2023-05-04,Formiga,Representante 10,Produto A,22,100,2200
2023-03-21,Piumhi,Representante 6,Produto C,11,20,220
2023-09-20,Pimenta,Representante 19,Produto B,21,25,525
2023-08-16,Pimenta,Representante 8,Produto B,10,65,650
2023-02-14,Piumhi,Representante 20,Produto A,71,90,6390
2023-11-28,Pimenta,Representante 12,Produto A,98,60,5880
2023-10-08,Formiga,Representante 12,Produto B,77,90,6930
2023-04-01,Arcos,Representante 2,Produto C,56,100,5600
2023-05-21,Pimenta,Representante 6,Produto A,26,85,2210
2023-05-18,Piumhi,Representante 10,Produto B,1,40,40
2023-04-04,Formiga,Representante 10,Produto C,42,95,3990
2023-05-07,Piumhi,Representante 7,Produto C,21,50,1050
2023-09-25,Formiga,Representante 11,Produto B,44,15,660
2023-01-08,Arcos,Representante 17,Produto B,13,25,325
2023-11-23,Arcos,Representante 8,Produto A,62,30,1860
2023-09-28,Formiga,Representante 5,Produto C,79,80,6320
2023-03-24,Arcos,Representante 15,Produto C,82,100,8200
2023-08-23,Formiga,Representante 17,Produto A,88,75,6600
2023-06-16,Pimenta,Representante 15,Produto A,16,55,880
2023-09-12,Pimenta,Representante 13,Produto B,90,40,3600
2023-03-28,Arcos,Representante 17,Produto B,90,40,3600
2023-05-02,Piumhi,Representante 17,Produto A,84,95,7980
2023-03-12,Formiga,Representante 4,Produto B,54,10,540
2023-09-17,Piumhi,Representante 2,Produto A,60,10,600
2023-03-22,Arcos,Representante 12,Produto C,13,25,325
2023-09-21,Formiga,Representante 9,Produto A,55,25,1375
2023-03-08,Piumhi,Representante 3,Produto A,72,65,4680
2023-12-30,Formiga,Representante 19,Produto C,73,15,1095
2023-08-26,Formiga,Representante 2,Produto B,71,20,1420
2023-09-27,Pimenta,Representante 4,Produto B,98,95,9310
2023-05-14,Formiga,Representante 14,Produto A,38,90,3420
2023-05-17,Arcos,Representante 8,Produto C,65,50,3250
2023-06-10,Arcos,Representante 17,Produto B,44,40,1760
2023-04-26,Formiga,Representante 2,Produto A,72,90,6480
2023-02-15,Pimenta,Representante 5,Produto B,88,70,6160
2023-03-05,Formiga,Representante 3,Produto B,20,65,1300
2023-01-19,Arcos,Representante 5,Produto C,9,55,495
2023-08-17,Pimenta,Representante 4,Produto B,65,55,3575
2023-04-08,Formiga,Representante 13,Produto A,98,30,2940
2023-05-09,Formiga,Representante 16,Produto C,66,65,4290
2023-08-08,Arcos,Representante 13,Produto B,92,90,8280
2023-06-29,Arcos,Representante 4,Produto A,52,95,4940
2023-08-10,Pimenta,Representante 15,Produto B,74,25,1850
2023-11-20,Arcos,Representante 16,Produto C,94,55,5170
2023-03-31,Pimenta,Representante 10,Produto B,1,65,65
2023-05-02,Arcos,Representante 16,Produto C,80,45,3600
2023-11-27,Piumhi,Representante 5,Produto C,21,50,1050
2023-10-02,Piumhi,Representante 19,Produto B,72,20,1440
2023-10-18,Piumhi,Representante 12,Produto B,8,90,720
2023-08-19,Formiga,Representante 1,Produto C,98,65,6370
2023-07-16,Formiga,Representante 19,Produto B,96,60,5760
2023-11-13,Formiga,Representante 7,Produto B,71,80,5680
2023-06-18,Arcos,Representante 8,Produto B,47,90,4230
2023-08-05,Formiga,Representante 16,Produto B,39,50,1950
2023-02-18,Piumhi,Representante 12,Produto A,80,85,6800
2023-12-07,Pimenta,Representante 10,Produto C,12,10,120
2023-03-10,Arcos,Representante 8,Produto B,75,55,4125
2023-11-16,Piumhi,Representante 20,Produto C,65,10,650
2023-03-17,Pimenta,Representante 18,Produto B,65,40,2600
2023-01-02,Piumhi,Representante 20,Produto B,77,65,5005
2023-10-01,Pimenta,Representante 6,Produto C,94,100,9400
2023-09-17,Arcos,Representante 7,Produto B,1,75,75
2023-04-16,Pimenta,Representante 2,Produto C,5,20,100
2023-04-21,Piumhi,Representante 17,Produto C,98,30,2940
2023-12-09,Pimenta,Representante 12,Produto B,84,65,5460
2023-03-13,Pimenta,Representante 13,Produto B,1,10,10
2023-08-17,Pimenta,Representante 18,Produto C,4,15,60
2023-01-11,Arcos,Representante 12,Produto B,22,75,1650
2023-07-26,Arcos,Representante 7,Produto A,68,40,2720
2023-12-01,Pimenta,Representante 10,Produto C,22,80,1760
2023-02-25,Piumhi,Representante 7,Produto C,46,90,4140
2023-04-16,Formiga,Representante 10,Produto B,25,70,1750
2023-09-28,Arcos,Representante 8,Produto C,84,45,3780
2023-07-26,Arcos,Representante 12,Produto A,36,100,3600
2023-12-30,Arcos,Representante 14,Produto B,10,10,100
2023-03-30,Piumhi,Representante 19,Produto A,50,20,1000
2023-10-19,Formiga,Representante 7,Produto A,56,30,1680
2023-09-20,Formiga,Representante 9,Produto A,1,15,15
2023-03-09,Formiga,Representante 8,Produto C,90,40,3600
2023-04-30,Formiga,Representante 2,Produto C,88,90,7920
2023-08-20,Arcos,Representante 9,Produto B,21,70,1470
2023-02-22,Arcos,Representante 10,Produto B,100,25,2500
2023-12-23,Piumhi,Representante 16,Produto A,62,15,930
2023-10-07,Arcos,Representante 7,Produto C,26,25,650
2023-08-18,Arcos,Representante 4,Produto A,80,45,3600
2023-11-20,Pimenta,Representante 2,Produto C,60,20,1200
2023-11-19,Arcos,Representante 15,Produto B,50,50,2500
2023-01-11,Arcos,Representante 1,Produto B,54,45,2430
2023-03-15,Formiga,Representante 7,Produto A,62,40,2480
2023-09-13,Pimenta,Representante 17,Produto C,2,45,90
2023-12-15,Pimenta,Representante 11,Produto B,96,25,2400
2023-03-29,Piumhi,Representante 4,Produto C,94,100,9400
2023-12-11,Formiga,Representante 4,Produto A,26,60,1560
2023-01-11,Arcos,Representante 6,Produto A,78,60,4680
2023-03-15,Pimenta,Representante 20,Produto C,97,35,3395
2023-08-31,Arcos,Representante 17,Produto C,72,25,1800
2023-07-07,Formiga,Representante 15,Produto A,61,10,610
2023-10-14,Formiga,Representante 9,Produto A,95,100,9500
2023-11-26,Pimenta,Representante 14,Produto C,100,20,2000
2023-06-22,Formiga,Representante 8,Produto B,51,60,3060
2023-11-11,Formiga,Representante 14,Produto A,63,20,1260
2023-10-07,Arcos,Representante 17,Produto B,14,95,1330
2023-10-18,Arcos,Representante 17,Produto A,29,45,1305
2023-08-30,Arcos,Representante 7,Produto C,18,85,1530
2023-09-23,Pimenta,Representante 5,Produto B,97,25,2425
2023-03-05,Pimenta,Representante 17,Produto B,24,15,360
2023-11-24,Arcos,Representante 16,Produto C,95,95,9025
2023-06-21,Pimenta,Representante 5,Produto B,5,45,225
2023-10-25,Piumhi,Representante 11,Produto B,23,65,1495
2023-06-09,Formiga,Representante 17,Produto A,98,90,8820
2023-06-16,Formiga,Representante 11,Produto B,62,35,2170
2023-06-15,Pimenta,Representante 4,Produto B,62,80,4960
2023-01-17,Arcos,Representante 18,Produto C,22,70,1540
2023-08-17,Pimenta,Representante 17,Produto B,24,35,840
2023-12-31,Arcos,Representante 15,Produto A,44,55,2420
2023-03-20,Formiga,Representante 2,Produto C,26,70,1820
2023-08-15,Piumhi,Representante 1,Produto B,83,85,7055
2023-11-18,Formiga,Representante 9,Produto C,85,20,1700
2023-11-22,Arcos,Representante 3,Produto C,25,100,2500
2023-04-20,Pimenta,Representante 4,Produto B,53,50,2650
2023-11-11,Pimenta,Representante 9,Produto A,23,80,1840
2023-08-31,Arcos,Representante 11,Produto C,46,35,1610
2023-09-22,Piumhi,Representante 19,Produto C,97,50,4850
2023-01-23,Formiga,Representante 9,Produto A,17,85,1445
2023-10-08,Formiga,Representante 10,Produto C,42,100,4200
2023-04-22,Pimenta,Representante 16,Produto A,41,25,1025
2023-04-03,Arcos,Representante 12,Produto B,72,70,5040
2023-10-04,Formiga,Representante 13,Produto C,42,40,1680
2023-04-29,Arcos,Representante 13,Produto A,83,85,7055
2023-02-17,Arcos,Representante 15,Produto C,66,60,3960
2023-09-05,Pimenta,Representante 4,Produto B,51,95,4845
2023-04-15,Arcos,Representante 8,Produto C,39,75,2925
2023-06-20,Arcos,Representante 10,Produto A,70,25,1750
2023-07-03,Arcos,Representante 5,Produto B,34,80,2720
2023-01-04,Pimenta,Representante 18,Produto C,1,85,85
2023-11-23,Piumhi,Representante 14,Produto B,92,55,5060
2023-11-08,Arcos,Representante 6,Produto B,74,60,4440
2023-02-19,Piumhi,Representante 19,Produto C,40,100,4000
2023-05-19,Piumhi,Representante 19,Produto A,10,10,100
2023-09-03,Piumhi,Representante 18,Produto C,43,30,1290
2023-11-27,Arcos,Representante 6,Produto C,32,85,2720
2023-11-12,Formiga,Representante 8,Produto B,79,15,1185
2023-09-07,Arcos,Representante 7,Produto B,60,55,3300
2023-08-18,Pimenta,Representante 12,Produto C,54,30,1620
2023-03-26,Pimenta,Representante 4,Produto B,77,85,6545
2023-11-26,Pimenta,Representante 12,Produto B,42,65,2730
2023-05-01,Piumhi,Representante 17,Produto A,19,80,1520
2023-04-24,Formiga,Representante 10,Produto A,31,10,310
2023-07-14,Pimenta,Representante 8,Produto A,66,65,4290
2023-04-09,Pimenta,Representante 10,Produto C,61,45,2745
2023-04-08,Pimenta,Representante 15,Produto B,99,55,5445
2023-02-27,Pimenta,Representante 10,Produto C,87,55,4785
2023-01-13,Arcos,Representante 11,Produto A,54,40,2160
2023-01-08,Pimenta,Representante 18,Produto B,53,55,2915
2023-09-15,Piumhi,Representante 20,Produto C,17,80,1360
2023-05-03,Formiga,Representante 12,Produto B,73,35,2555
2023-09-19,Pimenta,Representante 2,Produto C,4,30,120
2023-03-28,Arcos,Representante 1,Produto B,96,100,9600
2023-01-17,Piumhi,Representante 19,Produto B,60,40,2400
2023-07-25,Formiga,Representante 15,Produto A,82,65,5330
2023-07-18,Pimenta,Representante 13,Produto C,29,80,2320
2023-03-18,Formiga,Representante 6,Produto A,14,25,350
2023-11-24,Piumhi,Representante 3,Produto B,76,35,2660
2023-12-24,Pimenta,Representante 11,Produto B,18,30,540
2023-08-22,Arcos,Representante 4,Produto A,50,85,4250
2023-01-17,Formiga,Representante 10,Produto C,1,50,50
2023-11-23,Piumhi,Representante 15,Produto B,47,95,4465
2023-02-24,Arcos,Representante 3,Produto A,39,25,975
2023-01-19,Piumhi,Representante 4,Produto C,49,70,3430
2023-08-29,Pimenta,Representante 6,Produto C,63,85,5355
2023-09-28,Piumhi,Representante 15,Produto A,7,70,490
2023-08-06,Pimenta,Representante 7,Produto B,57,20,1140
2023-06-04,Arcos,Representante 2,Produto C,51,35,1785
2023-07-28,Arcos,Representante 20,Produto A,48,90,4320
2023-02-02,Piumhi,Representante 17,Produto A,33,100,3300
2023-11-02,Piumhi,Representante 13,Produto B,50,35,1750
2023-10-01,Formiga,Representante 6,Produto B,13,55,715
2023-05-28,Pimenta,Representante 2,Produto A,82,45,3690
2023-12-13,Arcos,Representante 12,Produto B,70,45,3150
2023-10-25,Pimenta,Representante 9,Produto B,21,20,420
2023-03-15,Pimenta,Representante 9,Produto B,82,55,4510
2023-02-22,Formiga,Representante 12,Produto A,85,95,8075
2023-11-15,Pimenta,Representante 19,Produto C,60,95,5700
2023-11-25,Pimenta,Representante 2,Produto C,8,30,240
2023-06-08,Arcos,Representante 6,Produto C,27,80,2160
2023-12-05,Pimenta,Representante 11,Produto B,46,80,3680
2023-02-24,Piumhi,Representante 9,Produto B,57,80,4560
2023-09-04,Pimenta,Representante 19,Produto B,78,15,1170
2023-01-18,Piumhi,Representante 14,Produto A,59,30,1770
2023-12-30,Pimenta,Representante 12,Produto C,58,90,5220
2023-02-13,Pimenta,Representante 1,Produto B,20,35,700
2023-12-14,Formiga,Representante 2,Produto A,92,100,9200
2023-01-21,Formiga,Representante 18,Produto C,90,30,2700
2023-01-29,Piumhi,Representante 7,Produto B,89,25,2225
2023-03-25,Piumhi,Representante 5,Produto B,78,75,5850
2023-01-23,Arcos,Representante 15,Produto A,18,80,1440
2023-02-11,Formiga,Representante 5,Produto C,44,65,2860
2023-07-16,Pimenta,Representante 12,Produto B,22,95,2090
2023-07-13,Piumhi,Representante 4,Produto C,1,35,35
2023-03-23,Formiga,Representante 4,Produto A,77,35,2695
2023-11-14,Pimenta,Representante 8,Produto B,63,85,5355
2023-03-05,Pimenta,Representante 1,Produto B,99,80,7920
2023-03-18,Pimenta,Representante 20,Produto A,65,85,5525
2023-04-17,Arcos,Representante 16,Produto B,78,15,1170
2023-06-28,Formiga,Representante 15,Produto C,46,55,2530
2023-05-26,Formiga,Representante 14,Produto A,18,100,1800
2023-09-23,Pimenta,Representante 10,Produto C,65,45,2925
2023-07-20,Formiga,Representante 16,Produto B,4,80,320
2023-12-21,Arcos,Representante 14,Produto C,11,30,330
2023-12-05,Pimenta,Representante 13,Produto B,58,20,1160
2023-07-19,Piumhi,Representante 8,Produto A,13,60,780
2023-08-25,Arcos,Representante 18,Produto A,34,25,850
2023-09-15,Formiga,Representante 15,Produto C,95,40,3800
2023-09-11,Pimenta,Representante 2,Produto B,72,75,5400
2023-04-22,Arcos,Representante 11,Produto B,48,55,2640
2023-01-05,Arcos,Representante 1,Produto A,31,80,2480
2023-04-10,Piumhi,Representante 13,Produto A,84,20,1680
2023-05-23,Formiga,Representante 8,Produto B,5,80,400
2023-08-22,Formiga,Representante 8,Produto B,44,25,1100
2023-04-13,Piumhi,Representante 18,Produto B,63,15,945
2023-02-27,Pimenta,Representante 7,Produto A,70,75,5250
2023-10-17,Piumhi,Representante 13,Produto B,68,10,680
2023-10-14,Arcos,Representante 15,Produto A,80,95,7600
2023-01-18,Formiga,Representante 8,Produto C,21,30,630
2023-10-29,Piumhi,Representante 16,Produto C,55,10,550
2023-09-22,Piumhi,Representante 14,Produto C,62,15,930
2023-03-20,Formiga,Representante 16,Produto C,55,60,3300
2023-05-15,Piumhi,Representante 12,Produto A,26,25,650
2023-11-17,Pimenta,Representante 16,Produto A,58,60,3480
2023-01-09,Pimenta,Representante 11,Produto C,90,70,6300
2023-12-21,Piumhi,Representante 5,Produto C,34,35,1190
2023-10-08,Formiga,Representante 4,Produto C,15,30,450
2023-05-10,Piumhi,Representante 14,Produto C,14,85,1190
2023-07-15,Arcos,Representante 8,Produto C,76,75,5700
2023-02-09,Formiga,Representante 15,Produto B,80,20,1600
2023-05-28,Pimenta,Representante 11,Produto C,58,100,5800
2023-05-19,Formiga,Representante 20,Produto B,29,95,2755
2023-01-18,Pimenta,Representante 10,Produto B,82,75,6150
2023-12-14,Arcos,Representante 19,Produto C,77,15,1155
2023-03-08,Piumhi,Representante 5,Produto B,16,50,800
2023-08-08,Formiga,Representante 1,Produto A,85,90,7650
2023-04-03,Pimenta,Representante 12,Produto A,48,75,3600
2023-02-08,Piumhi,Representante 18,Produto A,65,30,1950
2023-05-31,Piumhi,Representante 6,Produto A,38,20,760
2023-03-20,Pimenta,Representante 19,Produto A,14,25,350
2023-12-10,Pimenta,Representante 15,Produto A,54,95,5130
2023-06-17,Arcos,Representante 18,Produto C,58,35,2030
2023-06-10,Piumhi,Representante 10,Produto B,30,10,300
2023-01-29,Arcos,Representante 1,Produto A,96,95,9120
2023-05-01,Piumhi,Representante 6,Produto A,63,30,1890
2023-08-29,Formiga,Representante 8,Produto C,24,80,1920
2023-06-02,Arcos,Representante 9,Produto A,71,50,3550
2023-02-11,Arcos,Representante 18,Produto C,2,25,50
2023-02-13,Piumhi,Representante 15,Produto B,5,45,225
2023-08-12,Arcos,Representante 8,Produto A,49,75,3675
2023-01-08,Arcos,Representante 5,Produto B,92,50,4600
2023-02-08,Pimenta,Representante 18,Produto B,50,50,2500
2023-12-18,Pimenta,Representante 8,Produto A,83,80,6640
2023-11-17,Formiga,Representante 20,Produto B,14,80,1120
2023-12-16,Arcos,Representante 20,Produto B,34,20,680
2023-11-10,Pimenta,Representante 4,Produto C,42,75,3150
2023-08-05,Formiga,Representante 9,Produto B,26,20,520
2023-07-03,Arcos,Representante 11,Produto A,9,20,180
2023-06-20,Formiga,Representante 16,Produto A,30,35,1050
2023-02-25,Arcos,Representante 10,Produto C,91,30,2730
2023-10-05,Pimenta,Representante 4,Produto C,16,75,1200
2023-04-09,Piumhi,Representante 1,Produto A,1,85,85
2023-05-22,Pimenta,Representante 11,Produto A,60,20,1200
2023-08-17,Pimenta,Representante 2,Produto C,77,100,7700
2023-03-05,Piumhi,Representante 8,Produto B,64,55,3520
2023-08-30,Formiga,Representante 13,Produto A,65,100,6500
2023-10-07,Formiga,Representante 18,Produto B,12,70,840
2023-08-10,Arcos,Representante 10,Produto C,63,35,2205
2023-01-08,Piumhi,Representante 20,Produto B,81,85,6885
2023-05-28,Formiga,Representante 19,Produto C,24,40,960
2023-03-15,Arcos,Representante 4,Produto C,39,50,1950
2023-03-27,Pimenta,Representante 13,Produto B,100,75,7500
2023-01-17,Arcos,Representante 15,Produto B,51,10,510
2023-05-17,Formiga,Representante 3,Produto C,67,20,1340
2023-06-12,Pimenta,Representante 18,Produto B,24,45,1080
2023-07-04,Formiga,Representante 4,Produto B,58,100,5800
2023-05-24,Formiga,Representante 18,Produto B,39,95,3705
2023-11-04,Piumhi,Representante 12,Produto A,71,15,1065
2023-12-21,Pimenta,Representante 17,Produto A,8,25,200
2023-02-04,Formiga,Representante 11,Produto C,18,65,1170
2023-01-26,Piumhi,Representante 10,Produto C,59,90,5310
2023-09-26,Pimenta,Representante 15,Produto B,70,90,6300
2023-02-05,Formiga,Representante 20,Produto A,90,80,7200
2023-06-24,Piumhi,Representante 16,Produto B,95,100,9500
2023-01-28,Piumhi,Representante 4,Produto C,65,70,4550
2023-06-06,Arcos,Representante 14,Produto A,13,15,195
2023-10-27,Piumhi,Representante 6,Produto A,6,10,60
2023-11-06,Piumhi,Representante 5,Produto B,10,30,300
2023-06-02,Piumhi,Representante 2,Produto A,36,90,3240
2023-10-12,Piumhi,Representante 20,Produto C,53,35,1855
2023-05-28,Formiga,Representante 13,Produto B,36,55,1980
2023-04-03,Arcos,Representante 11,Produto B,28,80,2240
2023-09-26,Pimenta,Representante 2,Produto B,60,75,4500
2023-07-24,Formiga,Representante 5,Produto A,84,35,2940
2023-06-12,Pimenta,Representante 3,Produto B,27,55,1485
2023-01-05,Piumhi,Representante 5,Produto B,24,40,960
2023-02-25,Arcos,Representante 4,Produto B,90,60,5400
2023-03-18,Arcos,Representante 19,Produto B,1,55,55
2023-12-14,Piumhi,Representante 15,Produto B,5,65,325
2023-06-21,Pimenta,Representante 5,Produto B,81,75,6075
2023-03-13,Piumhi,Representante 18,Produto B,57,40,2280
2023-05-06,Pimenta,Representante 14,Produto A,59,20,1180
2023-06-01,Piumhi,Representante 9,Produto A,98,80,7840
2023-07-27,Arcos,Representante 11,Produto B,6,60,360
2023-03-16,Pimenta,Representante 3,Produto A,20,100,2000
2023-03-28,Arcos,Representante 11,Produto B,81,15,1215
2023-04-04,Piumhi,Representante 18,Produto C,82,60,4920
2023-10-31,Formiga,Representante 20,Produto A,56,60,3360
2023-09-28,Pimenta,Representante 6,Produto C,13,60,780
2023-11-17,Arcos,Representante 1,Produto B,57,25,1425
2023-07-01,Arcos,Representante 6,Produto B,93,20,1860
2023-09-23,Arcos,Representante 4,Produto B,36,55,1980
2023-03-27,Piumhi,Representante 18,Produto A,23,75,1725
2023-02-11,Arcos,Representante 11,Produto B,66,95,6270
2023-04-10,Arcos,Representante 20,Produto B,90,90,8100
2023-01-25,Pimenta,Representante 11,Produto B,12,15,180
2023-04-04,Piumhi,Representante 14,Produto A,70,70,4900
2023-06-29,Arcos,Representante 6,Produto B,65,80,5200
2023-10-20,Pimenta,Representante 4,Produto A,29,20,580
2023-01-27,Formiga,Representante 12,Produto C,40,100,4000
2023-07-20,Piumhi,Representante 16,Produto B,22,60,1320
2023-07-30,Piumhi,Representante 10,Produto B,49,40,1960
2023-02-04,Piumhi,Representante 10,Produto C,36,15,540
2023-07-10,Piumhi,Representante 20,Produto C,15,85,1275
2023-12-09,Formiga,Representante 7,Produto B,37,25,925
2023-03-17,Formiga,Representante 7,Produto B,36,10,360
2023-07-26,Pimenta,Representante 8,Produto B,19,65,1235
2023-10-18,Pimenta,Representante 7,Produto B,61,95,5795
2023-06-06,Pimenta,Representante 16,Produto B,1,40,40
2023-11-23,Piumhi,Representante 8,Produto B,51,10,510
2023-02-03,Arcos,Representante 3,Produto B,25,35,875
2023-07-20,Arcos,Representante 6,Produto A,15,70,1050
2023-10-30,Piumhi,Representante 9,Produto A,55,100,5500
2023-05-09,Piumhi,Representante 2,Produto A,50,70,3500
2023-09-23,Piumhi,Representante 13,Produto A,80,35,2800
2023-06-18,Piumhi,Representante 18,Produto B,46,65,2990
2023-02-08,Piumhi,Representante 1,Produto B,50,65,3250
2023-08-30,Piumhi,Representante 15,Produto A,81,15,1215
2023-12-30,Piumhi,Representante 8,Produto A,93,30,2790
2023-08-03,Pimenta,Representante 11,Produto B,79,65,5135
2023-04-13,Arcos,Representante 13,Produto B,27,85,2295
2023-03-21,Formiga,Representante 10,Produto B,11,100,1100
2023-12-12,Formiga,Representante 20,Produto C,23,65,1495
2023-01-02,Formiga,Representante 13,Produto A,57,40,2280
2023-06-11,Arcos,Representante 9,Produto B,62,40,2480
2023-03-19,Formiga,Representante 5,Produto B,80,50,4000
2023-06-07,Piumhi,Representante 3,Produto B,55,55,3025
2023-06-05,Formiga,Representante 9,Produto B,54,60,3240
2023-08-03,Pimenta,Representante 20,Produto B,75,55,4125
2023-07-05,Pimenta,Representante 1,Produto C,13,40,520
2023-10-13,Arcos,Representante 9,Produto A,20,95,1900
2023-08-05,Piumhi,Representante 6,Produto B,19,75,1425
2023-11-22,Formiga,Representante 10,Produto A,27,30,810
2023-07-14,Pimenta,Representante 6,Produto C,88,50,4400
2023-07-06,Pimenta,Representante 11,Produto A,14,60,840
2023-04-25,Pimenta,Representante 4,Produto B,33,20,660
2023-08-26,Piumhi,Representante 11,Produto A,97,90,8730
2023-02-17,Formiga,Representante 12,Produto C,41,50,2050
2023-05-18,Arcos,Representante 16,Produto B,17,70,1190
2023-01-28,Piumhi,Representante 18,Produto C,61,50,3050
2023-07-23,Pimenta,Representante 2,Produto C,10,50,500
2023-08-30,Pimenta,Representante 18,Produto A,88,85,7480
2023-11-19,Formiga,Representante 8,Produto C,47,65,3055
2023-02-13,Pimenta,Representante 5,Produto C,38,10,380
2023-06-10,Pimenta,Representante 9,Produto B,46,30,1380
2023-06-13,Piumhi,Representante 3,Produto B,25,95,2375
2023-04-25,Formiga,Representante 6,Produto B,55,60,3300
2023-12-01,Piumhi,Representante 14,Produto A,75,20,1500
2023-03-18,Formiga,Representante 5,Produto C,40,35,1400
2023-06-23,Formiga,Representante 2,Produto A,18,60,1080
2023-04-04,Piumhi,Representante 9,Produto B,80,80,6400
2023-04-29,Arcos,Representante 4,Produto B,95,95,9025
2023-05-26,Formiga,Representante 12,Produto A,9,95,855
2023-12-30,Pimenta,Representante 1,Produto C,6,45,270
2023-04-13,Piumhi,Representante 1,Produto B,80,15,1200
2023-10-09,Formiga,Representante 18,Produto C,41,25,1025
2023-10-19,Piumhi,Representante 12,Produto B,56,60,3360
2023-02-25,Formiga,Representante 11,Produto C,36,40,1440
2023-11-09,Pimenta,Representante 12,Produto C,44,95,4180
2023-01-03,Piumhi,Representante 11,Produto B,11,20,220
2023-08-05,Pimenta,Representante 15,Produto B,2,95,190
2023-01-11,Formiga,Representante 5,Produto C,37,100,3700
2023-02-20,Arcos,Representante 20,Produto B,29,65,1885
2023-09-29,Formiga,Representante 18,Produto C,28,100,2800
2023-01-11,Piumhi,Representante 3,Produto A,9,60,540
2023-08-18,Formiga,Representante 19,Produto C,71,60,4260
2023-12-18,Piumhi,Representante 17,Produto B,28,40,1120
2023-08-11,Arcos,Representante 15,Produto A,50,55,2750
2023-04-11,Arcos,Representante 3,Produto C,73,55,4015
2023-05-25,Pimenta,Representante 5,Produto A,13,80,1040
2023-05-13,Piumhi,Representante 18,Produto C,65,15,975
2023-04-25,Arcos,Representante 10,Produto B,34,15,510
2023-12-01,Arcos,Representante 5,Produto B,51,95,4845
2023-08-31,Pimenta,Representante 3,Produto A,58,35,2030
2023-04-06,Arcos,Representante 8,Produto C,7,55,385
2023-11-14,Formiga,Representante 11,Produto A,68,35,2380
2023-04-01,Piumhi,Representante 13,Produto A,74,50,3700
2023-03-30,Formiga,Representante 19,Produto A,41,100,4100
2023-05-23,Formiga,Representante 4,Produto A,67,30,2010
2023-05-03,Pimenta,Representante 20,Produto C,56,45,2520
2023-10-18,Piumhi,Representante 17,Produto B,25,75,1875
2023-01-30,Arcos,Representante 4,Produto C,54,55,2970
2023-06-11,Piumhi,Representante 16,Produto A,18,20,360
2023-03-10,Pimenta,Representante 9,Produto C,94,30,2820
2023-05-10,Piumhi,Representante 14,Produto B,7,95,665
2023-07-27,Piumhi,Representante 11,Produto B,46,65,2990
2023-01-23,Pimenta,Representante 5,Produto B,70,10,700
2023-08-04,Arcos,Representante 11,Produto A,51,90,4590
2023-10-04,Arcos,Representante 12,Produto C,46,80,3680
2023-10-02,Arcos,Representante 6,Produto C,16,100,1600
2023-07-30,Piumhi,Representante 3,Produto C,2,65,130
2023-07-30,Piumhi,Representante 15,Produto B,54,20,1080
2023-07-16,Formiga,Representante 14,Produto B,27,40,1080
2023-06-22,Pimenta,Representante 17,Produto B,44,80,3520
2023-07-27,Pimenta,Representante 7,Produto C,49,80,3920
2023-12-26,Piumhi,Representante 1,Produto A,45,45,2025
2023-02-01,Pimenta,Representante 18,Produto C,69,25,1725
2023-02-17,Pimenta,Representante 3,Produto A,71,10,710
2023-09-28,Piumhi,Representante 9,Produto C,91,90,8190
2023-06-03,Arcos,Representante 11,Produto A,48,45,2160
2023-02-04,Arcos,Representante 20,Produto B,89,50,4450
2023-02-24,Formiga,Representante 17,Produto C,84,80,6720
2023-06-01,Piumhi,Representante 15,Produto C,42,100,4200
2023-01-17,Arcos,Representante 4,Produto C,78,55,4290
2023-11-23,Pimenta,Representante 18,Produto C,1,95,95
2023-11-29,Formiga,Representante 3,Produto C,72,50,3600
2023-07-05,Pimenta,Representante 20,Produto A,65,30,1950
2023-09-26,Arcos,Representante 4,Produto B,8,30,240
2023-11-20,Pimenta,Representante 11,Produto B,64,55,3520
2023-05-07,Arcos,Representante 12,Produto C,83,60,4980
2023-01-25,Formiga,Representante 13,Produto B,76,95,7220
2023-01-29,Formiga,Representante 18,Produto B,37,100,3700
2023-06-30,Formiga,Representante 11,Produto B,74,100,7400
2023-01-16,Arcos,Representante 8,Produto C,14,45,630
2023-06-18,Formiga,Representante 19,Produto B,96,60,5760
2023-08-28,Arcos,Representante 16,Produto B,49,60,2940
2023-01-09,Formiga,Representante 15,Produto C,76,10,760
2023-10-20,Pimenta,Representante 18,Produto B,49,75,3675
2023-11-06,Formiga,Representante 20,Produto B,32,50,1600
2023-08-02,Pimenta,Representante 5,Produto A,74,35,2590
2023-08-26,Piumhi,Representante 7,Produto C,55,90,4950
2023-08-24,Pimenta,Representante 18,Produto C,73,55,4015
2023-01-24,Piumhi,Representante 18,Produto B,43,80,3440
